2023-08-30 09:00:00;1;information;Pipeline started execution.
2023-08-30 09:00:01;1;warning;Data extraction warning: Establishing connection is taking much time.
2023-08-30 09:00:01;1;warning;Data extraction warning: High memory usage detected.
2023-08-30 09:00:01;1;warning;Data extraction warning: Incomplete data received.
2023-08-30 09:00:05;1;information;Initializing data extraction.
2023-08-30 09:00:10;1;information;Data extraction in progress.
2023-08-30 09:00:15;1;error;Data extraction error: Failed to connect to the server.
2023-08-30 09:00:16;1;error;Data extraction error: Data source unavailable.
2023-08-30 09:00:17;1;error;Data extraction error: Data corruption detected.
2023-08-30 09:00:18;1;information;Data extraction completed successfully.
2023-08-30 09:00:20;1;information;Initializing data transformation.
2023-08-30 09:00:25;1;information;Data transformation in progress.
2023-08-30 09:00:30;1;warning;Data transformation warning: Invalid data format.
2023-08-30 09:00:35;1;warning;Data transformation warning: Outliers detected.
2023-08-30 09:00:36;1;information;Data transformation completed successfully.
2023-08-30 09:00:38;1;information;Initializing data loading.
2023-08-30 09:00:40;1;information;Data loading in progress.
2023-08-30 09:00:45;1;warning;Data loading warning: Data validation failed.
2023-08-30 09:00:50;1;error;Data loading error: Duplicate key detected.
2023-08-30 09:00:55;1;information;Data loading completed successfully.
2023-08-30 09:00:45;1;warning;Data loading warning: Data validation failed.
2023-08-30 09:01:00;1;information;Pipeline execution finished.

2023-08-30 09:02:00;2;information;Pipeline started execution.
2023-08-30 09:02:01;2;warning;Data extraction warning: Establishing connection is taking much time.
2023-08-30 09:02:01;2;warning;Data extraction warning: High memory usage detected.
2023-08-30 09:02:01;2;warning;Data extraction warning: Incomplete data received.
2023-08-30 09:02:05;2;information;Initializing data extraction.
2023-08-30 09:02:10;2;information;Data extraction in progress.
2023-08-30 09:02:15;2;warning;Data extraction warning: Data inconsistency found.
2023-08-30 09:02:16;2;warning;Data extraction warning: Slow data transfer.
2023-08-30 09:02:17;2;warning;Data extraction warning: Duplicate records detected.
2023-08-30 09:02:18;2;information;Data extraction completed successfully.
2023-08-30 09:02:20;2;information;Initializing data transformation.
2023-08-30 09:02:25;2;information;Data transformation in progress.
2023-08-30 09:02:30;2;warning;Data transformation warning: Invalid data format.
2023-08-30 09:02:35;2;warning;Data transformation warning: Outliers detected.
2023-08-30 09:02:36;2;information;Data transformation completed successfully.
2023-08-30 09:02:38;2;information;Initializing data loading.
2023-08-30 09:02:40;2;information;Data loading in progress.
2023-08-30 09:02:45;2;warning;Data loading warning: Data validation failed.
2023-08-30 09:02:50;2;information;Data loading completed successfully.
2023-08-30 09:02:55;2;information;Pipeline execution finished.

2023-08-30 09:04:00;3;information;Pipeline started execution.
2023-08-30 09:04:01;3;warning;Data extraction warning: Establishing connection is taking much time.
2023-08-30 09:04:01;3;warning;Data extraction warning: High memory usage detected.
2023-08-30 09:04:01;3;warning;Data extraction warning: Incomplete data received.
2023-08-30 09:04:05;3;information;Initializing data extraction.
2023-08-30 09:04:10;3;information;Data extraction in progress.
2023-08-30 09:04:15;3;warning;Data extraction warning: Data inconsistency found.
2023-08-30 09:04:16;3;warning;Data extraction warning: Slow data transfer.
2023-08-30 09:04:17;3;warning;Data extraction warning: Duplicate records detected.
2023-08-30 09:04:18;3;information;Data extraction completed successfully.
2023-08-30 09:04:20;3;information;Initializing data transformation.
2023-08-30 09:04:25;3;information;Data transformation in progress.
2023-08-30 09:04:30;3;warning;Data transformation warning: Invalid data format.
2023-08-30 09:04:35;3;warning;Data transformation warning: Outliers detected.
2023-08-30 09:04:36;3;information;Data transformation completed successfully.
2023-08-30 09:04:38;3;information;Initializing data loading.
2023-08-30 09:04:40;3;information;Data loading in progress.
2023-08-30 09:04:45;3;warning;Data loading warning: Data validation failed.
2023-08-30 09:04:50;3;information;Data loading completed successfully.
2023-08-30 09:04:55;3;information;Pipeline execution finished.

2023-08-30 09:06:00;4;information;Pipeline started execution.
2023-08-30 09:06:01;4;warning;Data extraction warning: Establishing connection is taking much time.
2023-08-30 09:06:01;4;warning;Data extraction warning: High memory usage detected.
2023-08-30 09:06:01;4;warning;Data extraction warning: Incomplete data received.
2023-08-30 09:06:05;4;information;Initializing data extraction.
2023-08-30 09:06:10;4;information;Data extraction in progress.
2023-08-30 09:06:15;4;warning;Data extraction warning: Data inconsistency found.
2023-08-30 09:06:16;4;warning;Data extraction warning: Slow data transfer.
2023-08-30 09:06:17;4;warning;Data extraction warning: Duplicate records detected.
2023-08-30 09:06:18;4;information;Data extraction completed successfully.
2023-08-30 09:06:20;4;information;Initializing data transformation.
2023-08-30 09:06:25;4;information;Data transformation in progress.
2023-08-30 09:06:30;4;warning;Data transformation warning: Invalid data format.
2023-08-30 09:06:35;4;warning;Data transformation warning: Outliers detected.
2023-08-30 09:06:36;4;information;Data transformation completed successfully.
2023-08-30 09:06:38;4;information;Initializing data loading.
2023-08-30 09:06:40;4;information;Data loading in progress.
2023-08-30 09:06:45;4;warning;Data loading warning: Data validation failed.
2023-08-30 09:06:50;4;information;Data loading completed successfully.
2023-08-30 09:06:55;4;information;Pipeline execution finished.

